DATE,NFCI
1971-01-08,0.56137
1971-01-15,0.60987
1971-01-22,0.66888
1971-01-29,0.73282
1971-02-05,0.79737
1971-02-12,0.85620
1971-02-19,0.90513
1971-02-26,0.94265
1971-03-05,0.97067
1971-03-12,0.99266
1971-03-19,1.01435
1971-03-26,1.04274
1971-04-02,1.08277
1971-04-09,1.13773
1971-04-16,1.20574
1971-04-23,1.28206
1971-04-30,1.35668
1971-05-07,1.41867
1971-05-14,1.45358
1971-05-21,1.45214
1971-05-28,1.41058
1971-06-04,1.33133
1971-06-11,1.22091
1971-06-18,1.09841
1971-06-25,0.98476
1971-07-02,0.90161
1971-07-09,0.86936
1971-07-16,0.90170
1971-07-23,1.00368
1971-07-30,1.16896
1971-08-06,1.38145
1971-08-13,1.61620
1971-08-20,1.84619
1971-08-27,2.04051
1971-09-03,2.18057
1971-09-10,2.25000
1971-09-17,2.24898
1971-09-24,2.18344
1971-10-01,2.06893
1971-10-08,1.92358
1971-10-15,1.77047
1971-10-22,1.62917
1971-10-29,1.51420
1971-11-05,1.43441
1971-11-12,1.38974
1971-11-19,1.37582
1971-11-26,1.38072
1971-12-03,1.39285
1971-12-10,1.39973
1971-12-17,1.39052
1971-12-24,1.35779
1971-12-31,1.30159
1972-01-07,1.21532
1972-01-14,1.11282
1972-01-21,0.99914
1972-01-28,0.88325
1972-02-04,0.77469
1972-02-11,0.67893
1972-02-18,0.59894
1972-02-25,0.53554
1972-03-03,0.48760
1972-03-10,0.45226
1972-03-17,0.42459
1972-03-24,0.39940
1972-03-31,0.37183
1972-04-07,0.33717
1972-04-14,0.29591
1972-04-21,0.24760
1972-04-28,0.19569
1972-05-05,0.14433
1972-05-12,0.09863
1972-05-19,0.06393
1972-05-26,0.04544
1972-06-02,0.04574
1972-06-09,0.06566
1972-06-16,0.10236
1972-06-23,0.15101
1972-06-30,0.20407
1972-07-07,0.25267
1972-07-14,0.28979
1972-07-21,0.30899
1972-07-28,0.30541
1972-08-04,0.27850
1972-08-11,0.23042
1972-08-18,0.16630
1972-08-25,0.09259
1972-09-01,0.01735
1972-09-08,-0.05128
1972-09-15,-0.10796
1972-09-22,-0.14944
1972-09-29,-0.17506
1972-10-06,-0.18747
1972-10-13,-0.19138
1972-10-20,-0.19111
1972-10-27,-0.19192
1972-11-03,-0.19758
1972-11-10,-0.21000
1972-11-17,-0.22954
1972-11-24,-0.25452
1972-12-01,-0.28025
1972-12-08,-0.30137
1972-12-15,-0.31188
1972-12-22,-0.30403
1972-12-29,-0.27141
1973-01-05,-0.20986
1973-01-12,-0.11698
1973-01-19,0.00560
1973-01-26,0.15321
1973-02-02,0.31828
1973-02-09,0.49009
1973-02-16,0.65641
1973-02-23,0.80705
1973-03-02,0.93267
1973-03-09,1.02810
1973-03-16,1.09126
1973-03-23,1.12638
1973-03-30,1.13842
1973-04-06,1.13240
1973-04-13,1.11620
1973-04-20,1.09505
1973-04-27,1.07336
1973-05-04,1.05286
1973-05-11,1.03569
1973-05-18,1.02176
1973-05-25,1.01237
1973-06-01,1.00960
1973-06-08,1.01640
1973-06-15,1.03557
1973-06-22,1.07029
1973-06-29,1.12327
1973-07-06,1.19470
1973-07-13,1.28535
1973-07-20,1.39149
1973-07-27,1.51031
1973-08-03,1.63533
1973-08-10,1.76126
1973-08-17,1.88186
1973-08-24,1.99210
1973-08-31,2.08502
1973-09-07,2.15463
1973-09-14,2.19770
1973-09-21,2.21344
1973-09-28,2.20300
1973-10-05,2.16850
1973-10-12,2.11963
1973-10-19,2.06343
1973-10-26,2.01063
1973-11-02,1.96801
1973-11-09,1.94030
1973-11-16,1.92719
1973-11-23,1.92172
1973-11-30,1.91281
1973-12-07,1.88711
1973-12-14,1.83393
1973-12-21,1.74509
1973-12-28,1.61802
1974-01-04,1.45348
1974-01-11,1.26373
1974-01-18,1.06027
1974-01-25,0.85753
1974-02-01,0.67096
1974-02-08,0.51370
1974-02-15,0.39610
1974-02-22,0.32578
1974-03-01,0.30628
1974-03-08,0.33893
1974-03-15,0.42239
1974-03-22,0.55307
1974-03-29,0.72588
1974-04-05,0.93534
1974-04-12,1.17829
1974-04-19,1.44883
1974-04-26,1.74381
1974-05-03,2.05901
1974-05-10,2.39235
1974-05-17,2.73983
1974-05-24,3.09321
1974-05-31,3.44609
1974-06-07,3.78852
1974-06-14,4.10787
1974-06-21,4.39236
1974-06-28,4.62829
1974-07-05,4.80351
1974-07-12,4.91200
1974-07-19,4.95354
1974-07-26,4.93581
1974-08-02,4.87124
1974-08-09,4.77169
1974-08-16,4.65446
1974-08-23,4.52842
1974-08-30,4.40201
1974-09-06,4.27547
1974-09-13,4.14678
1974-09-20,4.01274
1974-09-27,3.86470
1974-10-04,3.69975
1974-10-11,3.51692
1974-10-18,3.32543
1974-10-25,3.13521
1974-11-01,2.95711
1974-11-08,2.80182
1974-11-15,2.67535
1974-11-22,2.57557
1974-11-29,2.49958
1974-12-06,2.43680
1974-12-13,2.37519
1974-12-20,2.30500
1974-12-27,2.21469
1975-01-03,2.09988
1975-01-10,1.95858
1975-01-17,1.79670
1975-01-24,1.62172
1975-01-31,1.44256
1975-02-07,1.26739
1975-02-14,1.10496
1975-02-21,0.95756
1975-02-28,0.82682
1975-03-07,0.71172
1975-03-14,0.60959
1975-03-21,0.51715
1975-03-28,0.42979
1975-04-04,0.34367
1975-04-11,0.25636
1975-04-18,0.16778
1975-04-25,0.07757
1975-05-02,-0.01110
1975-05-09,-0.09625
1975-05-16,-0.17455
1975-05-23,-0.24489
1975-05-30,-0.30382
1975-06-06,-0.35100
1975-06-13,-0.38677
1975-06-20,-0.41264
1975-06-27,-0.42996
1975-07-04,-0.44059
1975-07-11,-0.44655
1975-07-18,-0.44852
1975-07-25,-0.44611
1975-08-01,-0.43858
1975-08-08,-0.42464
1975-08-15,-0.40368
1975-08-22,-0.37534
1975-08-29,-0.33986
1975-09-05,-0.29892
1975-09-12,-0.25404
1975-09-19,-0.20744
1975-09-26,-0.16243
1975-10-03,-0.12064
1975-10-10,-0.08567
1975-10-17,-0.05842
1975-10-24,-0.03973
1975-10-31,-0.03041
1975-11-07,-0.03227
1975-11-14,-0.04608
1975-11-21,-0.07252
1975-11-28,-0.11217
1975-12-05,-0.16476
1975-12-12,-0.22862
1975-12-19,-0.30091
1975-12-26,-0.37886
1976-01-02,-0.45856
1976-01-09,-0.53567
1976-01-16,-0.60603
1976-01-23,-0.66696
1976-01-30,-0.71762
1976-02-06,-0.75778
1976-02-13,-0.78778
1976-02-20,-0.81038
1976-02-27,-0.82726
1976-03-05,-0.84021
1976-03-12,-0.84960
1976-03-19,-0.85582
1976-03-26,-0.85792
1976-04-02,-0.85433
1976-04-09,-0.84339
1976-04-16,-0.82404
1976-04-23,-0.79629
1976-04-30,-0.76174
1976-05-07,-0.72300
1976-05-14,-0.68383
1976-05-21,-0.64872
1976-05-28,-0.62138
1976-06-04,-0.60529
1976-06-11,-0.60213
1976-06-18,-0.61139
1976-06-25,-0.63194
1976-07-02,-0.66030
1976-07-09,-0.69300
1976-07-16,-0.72623
1976-07-23,-0.75680
1976-07-30,-0.78267
1976-08-06,-0.80279
1976-08-13,-0.81740
1976-08-20,-0.82742
1976-08-27,-0.83387
1976-09-03,-0.83818
1976-09-10,-0.84159
1976-09-17,-0.84436
1976-09-24,-0.84684
1976-10-01,-0.84780
1976-10-08,-0.84704
1976-10-15,-0.84330
1976-10-22,-0.83546
1976-10-29,-0.82343
1976-11-05,-0.80803
1976-11-12,-0.79014
1976-11-19,-0.77166
1976-11-26,-0.75560
1976-12-03,-0.74397
1976-12-10,-0.73982
1976-12-17,-0.74342
1976-12-24,-0.75578
1976-12-31,-0.77577
1977-01-07,-0.80198
1977-01-14,-0.83049
1977-01-21,-0.85871
1977-01-28,-0.88410
1977-02-04,-0.90410
1977-02-11,-0.91715
1977-02-18,-0.92290
1977-02-25,-0.92148
1977-03-04,-0.91322
1977-03-11,-0.89952
1977-03-18,-0.88092
1977-03-25,-0.85846
1977-04-01,-0.83239
1977-04-08,-0.80354
1977-04-15,-0.77150
1977-04-22,-0.73698
1977-04-29,-0.70073
1977-05-06,-0.66434
1977-05-13,-0.62916
1977-05-20,-0.59783
1977-05-27,-0.57156
1977-06-03,-0.55181
1977-06-10,-0.53918
1977-06-17,-0.53222
1977-06-24,-0.53002
1977-07-01,-0.53070
1977-07-08,-0.53230
1977-07-15,-0.53215
1977-07-22,-0.52858
1977-07-29,-0.52043
1977-08-05,-0.50731
1977-08-12,-0.48975
1977-08-19,-0.46851
1977-08-26,-0.44475
1977-09-02,-0.41910
1977-09-09,-0.39228
1977-09-16,-0.36422
1977-09-23,-0.33609
1977-09-30,-0.30775
1977-10-07,-0.28044
1977-10-14,-0.25427
1977-10-21,-0.22984
1977-10-28,-0.20798
1977-11-04,-0.18897
1977-11-11,-0.17379
1977-11-18,-0.16272
1977-11-25,-0.15612
1977-12-02,-0.15370
1977-12-09,-0.15543
1977-12-16,-0.16045
1977-12-23,-0.16833
1977-12-30,-0.17751
1978-01-06,-0.18722
1978-01-13,-0.19539
1978-01-20,-0.20057
1978-01-27,-0.20175
1978-02-03,-0.19786
1978-02-10,-0.18874
1978-02-17,-0.17333
1978-02-24,-0.15128
1978-03-03,-0.12260
1978-03-10,-0.08695
1978-03-17,-0.04452
1978-03-24,0.00419
1978-03-31,0.05820
1978-04-07,0.11648
1978-04-14,0.17782
1978-04-21,0.24026
1978-04-28,0.30180
1978-05-05,0.36026
1978-05-12,0.41373
1978-05-19,0.46097
1978-05-26,0.50088
1978-06-02,0.53356
1978-06-09,0.55899
1978-06-16,0.57778
1978-06-23,0.58953
1978-06-30,0.59478
1978-07-07,0.59363
1978-07-14,0.58662
1978-07-21,0.57473
1978-07-28,0.55941
1978-08-04,0.54227
1978-08-11,0.52696
1978-08-18,0.51908
1978-08-25,0.52416
1978-09-01,0.54820
1978-09-08,0.59687
1978-09-15,0.67379
1978-09-22,0.77961
1978-09-29,0.91319
1978-10-06,1.06766
1978-10-13,1.23612
1978-10-20,1.40758
1978-10-27,1.57164
1978-11-03,1.71567
1978-11-10,1.83305
1978-11-17,1.91752
1978-11-24,1.96275
1978-12-01,1.97185
1978-12-08,1.94622
1978-12-15,1.88954
1978-12-22,1.80758
1978-12-29,1.70545
1979-01-05,1.58802
1979-01-12,1.46102
1979-01-19,1.32898
1979-01-26,1.19641
1979-02-02,1.06651
1979-02-09,0.94248
1979-02-16,0.82611
1979-02-23,0.71904
1979-03-02,0.62455
1979-03-09,0.54323
1979-03-16,0.47691
1979-03-23,0.42591
1979-03-30,0.39048
1979-04-06,0.36973
1979-04-13,0.36291
1979-04-20,0.36872
1979-04-27,0.38576
1979-05-04,0.41282
1979-05-11,0.44873
1979-05-18,0.49324
1979-05-25,0.54566
1979-06-01,0.60575
1979-06-08,0.67157
1979-06-15,0.74225
1979-06-22,0.81585
1979-06-29,0.89124
1979-07-06,0.96682
1979-07-13,1.04330
1979-07-20,1.12164
1979-07-27,1.20281
1979-08-03,1.28813
1979-08-10,1.37882
1979-08-17,1.47696
1979-08-24,1.58240
1979-08-31,1.69452
1979-09-07,1.81119
1979-09-14,1.93092
1979-09-21,2.04977
1979-09-28,2.16242
1979-10-05,2.26468
1979-10-12,2.35269
1979-10-19,2.42005
1979-10-26,2.46487
1979-11-02,2.48570
1979-11-09,2.47915
1979-11-16,2.44826
1979-11-23,2.39589
1979-11-30,2.32681
1979-12-07,2.24657
1979-12-14,2.16117
1979-12-21,2.07746
1979-12-28,1.99900
1980-01-04,1.93257
1980-01-11,1.88675
1980-01-18,1.86700
1980-01-25,1.88393
1980-02-01,1.94541
1980-02-08,2.05522
1980-02-15,2.21615
1980-02-22,2.42501
1980-02-29,2.67243
1980-03-07,2.94182
1980-03-14,3.21634
1980-03-21,3.47137
1980-03-28,3.68263
1980-04-04,3.83653
1980-04-11,3.91511
1980-04-18,3.91298
1980-04-25,3.83324
1980-05-02,3.68216
1980-05-09,3.47141
1980-05-16,3.21835
1980-05-23,2.93669
1980-05-30,2.63905
1980-06-06,2.33866
1980-06-13,2.04349
1980-06-20,1.76004
1980-06-27,1.49730
1980-07-04,1.26633
1980-07-11,1.07185
1980-07-18,0.92509
1980-07-25,0.82374
1980-08-01,0.76924
1980-08-08,0.75916
1980-08-15,0.78375
1980-08-22,0.83352
1980-08-29,0.90385
1980-09-05,0.98625
1980-09-12,1.07208
1980-09-19,1.16475
1980-09-26,1.26165
1980-10-03,1.36868
1980-10-10,1.48609
1980-10-17,1.62675
1980-10-24,1.78778
1980-10-31,1.97419
1980-11-07,2.18114
1980-11-14,2.39810
1980-11-21,2.61858
1980-11-28,2.83067
1980-12-05,3.01291
1980-12-12,3.15233
1980-12-19,3.24676
1980-12-26,3.27436
1981-01-02,3.24528
1981-01-09,3.15981
1981-01-16,3.03225
1981-01-23,2.86882
1981-01-30,2.68703
1981-02-06,2.49597
1981-02-13,2.31128
1981-02-20,2.14505
1981-02-27,1.99793
1981-03-06,1.87991
1981-03-13,1.79382
1981-03-20,1.74295
1981-03-27,1.72675
1981-04-03,1.74642
1981-04-10,1.79676
1981-04-17,1.87927
1981-04-24,1.98135
1981-05-01,2.10338
1981-05-08,2.24265
1981-05-15,2.39314
1981-05-22,2.54960
1981-05-29,2.71364
1981-06-05,2.87352
1981-06-12,3.03047
1981-06-19,3.17447
1981-06-26,3.29952
1981-07-03,3.39979
1981-07-10,3.47174
1981-07-17,3.51526
1981-07-24,3.52634
1981-07-31,3.51224
1981-08-07,3.47223
1981-08-14,3.41308
1981-08-21,3.34062
1981-08-28,3.26402
1981-09-04,3.18619
1981-09-11,3.11558
1981-09-18,3.04947
1981-09-25,2.98949
1981-10-02,2.93784
1981-10-09,2.88612
1981-10-16,2.83706
1981-10-23,2.78593
1981-10-30,2.72943
1981-11-06,2.66236
1981-11-13,2.58686
1981-11-20,2.50228
1981-11-27,2.41387
1981-12-04,2.32654
1981-12-11,2.24286
1981-12-18,2.16387
1981-12-25,2.09390
1982-01-01,2.03233
1982-01-08,1.98254
1982-01-15,1.95093
1982-01-22,1.93591
1982-01-29,1.94149
1982-02-05,1.95994
1982-02-12,1.99196
1982-02-19,2.03227
1982-02-26,2.07537
1982-03-05,2.11345
1982-03-12,2.14482
1982-03-19,2.16955
1982-03-26,2.18641
1982-04-02,2.19614
1982-04-09,2.20609
1982-04-16,2.21935
1982-04-23,2.24016
1982-04-30,2.27511
1982-05-07,2.32773
1982-05-14,2.40109
1982-05-21,2.49322
1982-05-28,2.59508
1982-06-04,2.69651
1982-06-11,2.79189
1982-06-18,2.86962
1982-06-25,2.92216
1982-07-02,2.94820
1982-07-09,2.95342
1982-07-16,2.94400
1982-07-23,2.93678
1982-07-30,2.94382
1982-08-06,2.97596
1982-08-13,3.03708
1982-08-20,3.11869
1982-08-27,3.21069
1982-09-03,3.29265
1982-09-10,3.34367
1982-09-17,3.34413
1982-09-24,3.27506
1982-10-01,3.13049
1982-10-08,2.91569
1982-10-15,2.64451
1982-10-22,2.34292
1982-10-29,2.03337
1982-11-05,1.73876
1982-11-12,1.47591
1982-11-19,1.25375
1982-11-26,1.07519
1982-12-03,0.93397
1982-12-10,0.82171
1982-12-17,0.72822
1982-12-24,0.64071
1982-12-31,0.55346
1983-01-07,0.46387
1983-01-14,0.37298
1983-01-21,0.28484
1983-01-28,0.20359
1983-02-04,0.13339
1983-02-11,0.07806
1983-02-18,0.03943
1983-02-25,0.01694
1983-03-04,0.00602
1983-03-11,0.00415
1983-03-18,0.00577
1983-03-25,0.00417
1983-04-01,-0.00362
1983-04-08,-0.02043
1983-04-15,-0.04666
1983-04-22,-0.07991
1983-04-29,-0.11776
1983-05-06,-0.15551
1983-05-13,-0.18816
1983-05-20,-0.21272
1983-05-27,-0.22828
1983-06-03,-0.23300
1983-06-10,-0.22823
1983-06-17,-0.21644
1983-06-24,-0.19969
1983-07-01,-0.17974
1983-07-08,-0.15985
1983-07-15,-0.14149
1983-07-22,-0.12646
1983-07-29,-0.11553
1983-08-05,-0.10852
1983-08-12,-0.10513
1983-08-19,-0.10529
1983-08-26,-0.10627
1983-09-02,-0.10690
1983-09-09,-0.10580
1983-09-16,-0.10154
1983-09-23,-0.09203
1983-09-30,-0.07744
1983-10-07,-0.05711
1983-10-14,-0.03252
1983-10-21,-0.00378
1983-10-28,0.02464
1983-11-04,0.05261
1983-11-11,0.07644
1983-11-18,0.09507
1983-11-25,0.10705
1983-12-02,0.11091
1983-12-09,0.10609
1983-12-16,0.09243
1983-12-23,0.06909
1983-12-30,0.03667
1984-01-06,-0.00095
1984-01-13,-0.04207
1984-01-20,-0.08352
1984-01-27,-0.12204
1984-02-03,-0.15475
1984-02-10,-0.17982
1984-02-17,-0.19493
1984-02-24,-0.19973
1984-03-02,-0.19323
1984-03-09,-0.17472
1984-03-16,-0.14291
1984-03-23,-0.09746
1984-03-30,-0.03731
1984-04-06,0.03783
1984-04-13,0.12628
1984-04-20,0.22788
1984-04-27,0.34066
1984-05-04,0.46133
1984-05-11,0.58648
1984-05-18,0.71054
1984-05-25,0.82777
1984-06-01,0.93392
1984-06-08,1.02282
1984-06-15,1.09158
1984-06-22,1.13609
1984-06-29,1.15322
1984-07-06,1.14093
1984-07-13,1.10032
1984-07-20,1.03860
1984-07-27,0.96158
1984-08-03,0.87761
1984-08-10,0.79374
1984-08-17,0.71518
1984-08-24,0.64318
1984-08-31,0.57856
1984-09-07,0.52126
1984-09-14,0.46775
1984-09-21,0.41454
1984-09-28,0.36026
1984-10-05,0.30437
1984-10-12,0.24642
1984-10-19,0.18853
1984-10-26,0.13288
1984-11-02,0.08146
1984-11-09,0.03418
1984-11-16,-0.00980
1984-11-23,-0.05083
1984-11-30,-0.09094
1984-12-07,-0.13022
1984-12-14,-0.17139
1984-12-21,-0.21438
1984-12-28,-0.25738
1985-01-04,-0.29982
1985-01-11,-0.33773
1985-01-18,-0.36682
1985-01-25,-0.38582
1985-02-01,-0.39323
1985-02-08,-0.38911
1985-02-15,-0.37613
1985-02-22,-0.35720
1985-03-01,-0.33560
1985-03-08,-0.31520
1985-03-15,-0.29979
1985-03-22,-0.29082
1985-03-29,-0.28934
1985-04-05,-0.29702
1985-04-12,-0.31285
1985-04-19,-0.33491
1985-04-26,-0.36137
1985-05-03,-0.38909
1985-05-10,-0.41691
1985-05-17,-0.44070
1985-05-24,-0.46008
1985-05-31,-0.47404
1985-06-07,-0.48208
1985-06-14,-0.48364
1985-06-21,-0.47987
1985-06-28,-0.47061
1985-07-05,-0.45768
1985-07-12,-0.44085
1985-07-19,-0.41942
1985-07-26,-0.39368
1985-08-02,-0.36429
1985-08-09,-0.33166
1985-08-16,-0.29756
1985-08-23,-0.26467
1985-08-30,-0.23555
1985-09-06,-0.21321
1985-09-13,-0.20023
1985-09-20,-0.19904
1985-09-27,-0.20924
1985-10-04,-0.23043
1985-10-11,-0.25935
1985-10-18,-0.29172
1985-10-25,-0.32352
1985-11-01,-0.35082
1985-11-08,-0.37020
1985-11-15,-0.38070
1985-11-22,-0.38185
1985-11-29,-0.37559
1985-12-06,-0.36511
1985-12-13,-0.35337
1985-12-20,-0.34396
1985-12-27,-0.33761
1986-01-03,-0.33711
1986-01-10,-0.34135
1986-01-17,-0.34801
1986-01-24,-0.35574
1986-01-31,-0.36280
1986-02-07,-0.36598
1986-02-14,-0.36372
1986-02-21,-0.35603
1986-02-28,-0.34438
1986-03-07,-0.33162
1986-03-14,-0.32102
1986-03-21,-0.31644
1986-03-28,-0.32089
1986-04-04,-0.33726
1986-04-11,-0.36398
1986-04-18,-0.39799
1986-04-25,-0.43633
1986-05-02,-0.47277
1986-05-09,-0.50208
1986-05-16,-0.52095
1986-05-23,-0.52700
1986-05-30,-0.52027
1986-06-06,-0.50277
1986-06-13,-0.47694
1986-06-20,-0.44875
1986-06-27,-0.42396
1986-07-04,-0.40690
1986-07-11,-0.40000
1986-07-18,-0.40429
1986-07-25,-0.41853
1986-08-01,-0.43920
1986-08-08,-0.46126
1986-08-15,-0.48194
1986-08-22,-0.49703
1986-08-29,-0.50417
1986-09-05,-0.50305
1986-09-12,-0.49393
1986-09-19,-0.48166
1986-09-26,-0.46887
1986-10-03,-0.45867
1986-10-10,-0.45391
1986-10-17,-0.45519
1986-10-24,-0.46057
1986-10-31,-0.46895
1986-11-07,-0.47748
1986-11-14,-0.48429
1986-11-21,-0.48616
1986-11-28,-0.48325
1986-12-05,-0.47574
1986-12-12,-0.46508
1986-12-19,-0.45295
1986-12-26,-0.44160
1987-01-02,-0.43500
1987-01-09,-0.43277
1987-01-16,-0.43558
1987-01-23,-0.44284
1987-01-30,-0.45359
1987-02-06,-0.46410
1987-02-13,-0.47154
1987-02-20,-0.47115
1987-02-27,-0.46202
1987-03-06,-0.44029
1987-03-13,-0.40189
1987-03-20,-0.34588
1987-03-27,-0.27216
1987-04-03,-0.18261
1987-04-10,-0.08291
1987-04-17,0.02210
1987-04-24,0.12320
1987-05-01,0.21108
1987-05-08,0.28293
1987-05-15,0.33151
1987-05-22,0.35930
1987-05-29,0.36119
1987-06-05,0.34281
1987-06-12,0.30866
1987-06-19,0.26026
1987-06-26,0.20622
1987-07-03,0.14789
1987-07-10,0.08994
1987-07-17,0.03169
1987-07-24,-0.02487
1987-07-31,-0.07530
1987-08-07,-0.11484
1987-08-14,-0.14100
1987-08-21,-0.14217
1987-08-28,-0.11566
1987-09-04,-0.05806
1987-09-11,0.02571
1987-09-18,0.13317
1987-09-25,0.25616
1987-10-02,0.38864
1987-10-09,0.51840
1987-10-16,0.63567
1987-10-23,0.73247
1987-10-30,0.80285
1987-11-06,0.83832
1987-11-13,0.84732
1987-11-20,0.83709
1987-11-27,0.80950
1987-12-04,0.77144
1987-12-11,0.72092
1987-12-18,0.66471
1987-12-25,0.60090
1988-01-01,0.53277
1988-01-08,0.46108
1988-01-15,0.38931
1988-01-22,0.31682
1988-01-29,0.24622
1988-02-05,0.17923
1988-02-12,0.12038
1988-02-19,0.07261
1988-02-26,0.03600
1988-03-04,0.01270
1988-03-11,0.00265
1988-03-18,0.00672
1988-03-25,0.02028
1988-04-01,0.04204
1988-04-08,0.06802
1988-04-15,0.09159
1988-04-22,0.11087
1988-04-29,0.12096
1988-05-06,0.12256
1988-05-13,0.11801
1988-05-20,0.10923
1988-05-27,0.09964
1988-06-03,0.09386
1988-06-10,0.09327
1988-06-17,0.10027
1988-06-24,0.11516
1988-07-01,0.13694
1988-07-08,0.16245
1988-07-15,0.18820
1988-07-22,0.21101
1988-07-29,0.22660
1988-08-05,0.23447
1988-08-12,0.23370
1988-08-19,0.22464
1988-08-26,0.20766
1988-09-02,0.18604
1988-09-09,0.16081
1988-09-16,0.13549
1988-09-23,0.11246
1988-09-30,0.09172
1988-10-07,0.07269
1988-10-14,0.05465
1988-10-21,0.03778
1988-10-28,0.02213
1988-11-04,0.00816
1988-11-11,-0.00275
1988-11-18,-0.01035
1988-11-25,-0.01387
1988-12-02,-0.01419
1988-12-09,-0.01158
1988-12-16,-0.00841
1988-12-23,-0.00411
1988-12-30,-0.00051
1989-01-06,0.00357
1989-01-13,0.00852
1989-01-20,0.01608
1989-01-27,0.02977
1989-02-03,0.05274
1989-02-10,0.08754
1989-02-17,0.13537
1989-02-24,0.19344
1989-03-03,0.25946
1989-03-10,0.32657
1989-03-17,0.38974
1989-03-24,0.44132
1989-03-31,0.47496
1989-04-07,0.48758
1989-04-14,0.47732
1989-04-21,0.44417
1989-04-28,0.39684
1989-05-05,0.33812
1989-05-12,0.27854
1989-05-19,0.22377
1989-05-26,0.18092
1989-06-02,0.15297
1989-06-09,0.13932
1989-06-16,0.13576
1989-06-23,0.13728
1989-06-30,0.13765
1989-07-07,0.13344
1989-07-14,0.12201
1989-07-21,0.10609
1989-07-28,0.08982
1989-08-04,0.07550
1989-08-11,0.07015
1989-08-18,0.07503
1989-08-25,0.09140
1989-09-01,0.11832
1989-09-08,0.15126
1989-09-15,0.18589
1989-09-22,0.21530
1989-09-29,0.23621
1989-10-06,0.24443
1989-10-13,0.23732
1989-10-20,0.21538
1989-10-27,0.18116
1989-11-03,0.13796
1989-11-10,0.09235
1989-11-17,0.04778
1989-11-24,0.00917
1989-12-01,-0.02059
1989-12-08,-0.03957
1989-12-15,-0.04780
1989-12-22,-0.04684
1989-12-29,-0.03929
1990-01-05,-0.02694
1990-01-12,-0.01397
1990-01-19,-0.00396
1990-01-26,0.00251
1990-02-02,0.00258
1990-02-09,-0.00271
1990-02-16,-0.01181
1990-02-23,-0.02242
1990-03-02,-0.03161
1990-03-09,-0.03748
1990-03-16,-0.03712
1990-03-23,-0.03133
1990-03-30,-0.02086
1990-04-06,-0.00858
1990-04-13,0.00059
1990-04-20,0.00462
1990-04-27,0.00037
1990-05-04,-0.01481
1990-05-11,-0.03979
1990-05-18,-0.07302
1990-05-25,-0.11107
1990-06-01,-0.15010
1990-06-08,-0.18540
1990-06-15,-0.21342
1990-06-22,-0.23217
1990-06-29,-0.23901
1990-07-06,-0.23581
1990-07-13,-0.22235
1990-07-20,-0.20130
1990-07-27,-0.17344
1990-08-03,-0.14036
1990-08-10,-0.10095
1990-08-17,-0.05749
1990-08-24,-0.00782
1990-08-31,0.04689
1990-09-07,0.10720
1990-09-14,0.17135
1990-09-21,0.23639
1990-09-28,0.29831
1990-10-05,0.34706
1990-10-12,0.38383
1990-10-19,0.39828
1990-10-26,0.39790
1990-11-02,0.38704
1990-11-09,0.37248
1990-11-16,0.35952
1990-11-23,0.35612
1990-11-30,0.36700
1990-12-07,0.38838
1990-12-14,0.41992
1990-12-21,0.45668
1990-12-28,0.48746
1991-01-04,0.49985
1991-01-11,0.49522
1991-01-18,0.45898
1991-01-25,0.39705
1991-02-01,0.31873
1991-02-08,0.23160
1991-02-15,0.14509
1991-02-22,0.06742
1991-03-01,0.00348
1991-03-08,-0.04687
1991-03-15,-0.08322
1991-03-22,-0.10872
1991-03-29,-0.12803
1991-04-05,-0.14748
1991-04-12,-0.16502
1991-04-19,-0.19479
1991-04-26,-0.22317
1991-05-03,-0.25161
1991-05-10,-0.27535
1991-05-17,-0.29070
1991-05-24,-0.29634
1991-05-31,-0.29324
1991-06-07,-0.28466
1991-06-14,-0.27474
1991-06-21,-0.26987
1991-06-28,-0.27353
1991-07-05,-0.29222
1991-07-12,-0.31975
1991-07-19,-0.36824
1991-07-26,-0.41903
1991-08-02,-0.47114
1991-08-09,-0.51699
1991-08-16,-0.55096
1991-08-23,-0.57061
1991-08-30,-0.57722
1991-09-06,-0.57093
1991-09-13,-0.55721
1991-09-20,-0.54000
1991-09-27,-0.52398
1991-10-04,-0.51435
1991-10-11,-0.51046
1991-10-18,-0.52569
1991-10-25,-0.54382
1991-11-01,-0.56824
1991-11-08,-0.59218
1991-11-15,-0.61227
1991-11-22,-0.62496
1991-11-29,-0.63078
1991-12-06,-0.62973
1991-12-13,-0.62357
1991-12-20,-0.61297
1991-12-27,-0.60306
1992-01-03,-0.59479
1992-01-10,-0.59137
1992-01-17,-0.60013
1992-01-24,-0.61186
1992-01-31,-0.62977
1992-02-07,-0.64717
1992-02-14,-0.66251
1992-02-21,-0.67173
1992-02-28,-0.67508
1992-03-06,-0.67254
1992-03-13,-0.66562
1992-03-20,-0.65845
1992-03-27,-0.65483
1992-04-03,-0.65888
1992-04-10,-0.66939
1992-04-17,-0.69574
1992-04-24,-0.72663
1992-05-01,-0.76271
1992-05-08,-0.79714
1992-05-15,-0.82747
1992-05-22,-0.85003
1992-05-29,-0.86373
1992-06-05,-0.86894
1992-06-12,-0.86794
1992-06-19,-0.86270
1992-06-26,-0.85622
1992-07-03,-0.85131
1992-07-10,-0.84707
1992-07-17,-0.85439
1992-07-24,-0.86218
1992-07-31,-0.87272
1992-08-07,-0.88213
1992-08-14,-0.88796
1992-08-21,-0.88682
1992-08-28,-0.87782
1992-09-04,-0.85907
1992-09-11,-0.83246
1992-09-18,-0.79737
1992-09-25,-0.75660
1992-10-02,-0.71476
1992-10-09,-0.67770
1992-10-16,-0.64797
1992-10-23,-0.63287
1992-10-30,-0.63098
1992-11-06,-0.64270
1992-11-13,-0.66374
1992-11-20,-0.69180
1992-11-27,-0.72427
1992-12-04,-0.75625
1992-12-11,-0.78629
1992-12-18,-0.80959
1992-12-25,-0.82694
1993-01-01,-0.83835
1993-01-08,-0.84724
1993-01-15,-0.85266
1993-01-22,-0.86674
1993-01-29,-0.87874
1993-02-05,-0.89174
1993-02-12,-0.90416
1993-02-19,-0.91389
1993-02-26,-0.92155
1993-03-05,-0.92503
1993-03-12,-0.92527
1993-03-19,-0.92236
1993-03-26,-0.91819
1993-04-02,-0.91340
1993-04-09,-0.91083
1993-04-16,-0.90809
1993-04-23,-0.91407
1993-04-30,-0.91913
1993-05-07,-0.92516
1993-05-14,-0.93135
1993-05-21,-0.93723
1993-05-28,-0.94275
1993-06-04,-0.94861
1993-06-11,-0.95648
1993-06-18,-0.96645
1993-06-25,-0.97789
1993-07-02,-0.99013
1993-07-09,-1.00394
1993-07-16,-1.01614
1993-07-23,-1.03073
1993-07-30,-1.04091
1993-08-06,-1.04925
1993-08-13,-1.05419
1993-08-20,-1.05533
1993-08-27,-1.05302
1993-09-03,-1.04819
1993-09-10,-1.04081
1993-09-17,-1.03076
1993-09-24,-1.01891
1993-10-01,-1.00553
1993-10-08,-0.99179
1993-10-15,-0.97692
1993-10-22,-0.96302
1993-10-29,-0.94873
1993-11-05,-0.93678
1993-11-12,-0.92800
1993-11-19,-0.92375
1993-11-26,-0.92491
1993-12-03,-0.93095
1993-12-10,-0.94085
1993-12-17,-0.95326
1993-12-24,-0.96606
1993-12-31,-0.97750
1994-01-07,-0.98699
1994-01-14,-0.99289
1994-01-21,-0.99557
1994-01-28,-0.99252
1994-02-04,-0.98301
1994-02-11,-0.96649
1994-02-18,-0.94539
1994-02-25,-0.92000
1994-03-04,-0.89136
1994-03-11,-0.86267
1994-03-18,-0.83573
1994-03-25,-0.81155
1994-04-01,-0.79131
1994-04-08,-0.77673
1994-04-15,-0.76880
1994-04-22,-0.76310
1994-04-29,-0.76260
1994-05-06,-0.76267
1994-05-13,-0.76349
1994-05-20,-0.76523
1994-05-27,-0.76528
1994-06-03,-0.76199
1994-06-10,-0.75812
1994-06-17,-0.75243
1994-06-24,-0.74732
1994-07-01,-0.74456
1994-07-08,-0.74661
1994-07-15,-0.75496
1994-07-22,-0.76673
1994-07-29,-0.78127
1994-08-05,-0.79513
1994-08-12,-0.80738
1994-08-19,-0.81474
1994-08-26,-0.81509
1994-09-02,-0.80775
1994-09-09,-0.79341
1994-09-16,-0.77328
1994-09-23,-0.75071
1994-09-30,-0.72735
1994-10-07,-0.70552
1994-10-14,-0.68869
1994-10-21,-0.66979
1994-10-28,-0.65228
1994-11-04,-0.63294
1994-11-11,-0.61096
1994-11-18,-0.58516
1994-11-25,-0.55669
1994-12-02,-0.52784
1994-12-09,-0.50101
1994-12-16,-0.48218
1994-12-23,-0.47293
1994-12-30,-0.47506
1995-01-06,-0.48923
1995-01-13,-0.51472
1995-01-20,-0.54180
1995-01-27,-0.57254
1995-02-03,-0.60130
1995-02-10,-0.62629
1995-02-17,-0.64472
1995-02-24,-0.65762
1995-03-03,-0.66434
1995-03-10,-0.66702
1995-03-17,-0.66896
1995-03-24,-0.67120
1995-03-31,-0.67605
1995-04-07,-0.68412
1995-04-14,-0.69650
1995-04-21,-0.70985
1995-04-28,-0.72567
1995-05-05,-0.73987
1995-05-12,-0.75137
1995-05-19,-0.75699
1995-05-26,-0.75694
1995-06-02,-0.74967
1995-06-09,-0.73846
1995-06-16,-0.72399
1995-06-23,-0.71072
1995-06-30,-0.70053
1995-07-07,-0.69549
1995-07-14,-0.69658
1995-07-21,-0.70359
1995-07-28,-0.71392
1995-08-04,-0.72664
1995-08-11,-0.73912
1995-08-18,-0.74833
1995-08-25,-0.75343
1995-09-01,-0.75220
1995-09-08,-0.74638
1995-09-15,-0.73685
1995-09-22,-0.72532
1995-09-29,-0.71515
1995-10-06,-0.71096
1995-10-13,-0.71146
1995-10-20,-0.72261
1995-10-27,-0.73837
1995-11-03,-0.75852
1995-11-10,-0.77838
1995-11-17,-0.79257
1995-11-24,-0.79943
1995-12-01,-0.79695
1995-12-08,-0.78662
1995-12-15,-0.76983
1995-12-22,-0.75219
1995-12-29,-0.73805
1996-01-05,-0.73444
1996-01-12,-0.73765
1996-01-19,-0.75718
1996-01-26,-0.78212
1996-02-02,-0.80920
1996-02-09,-0.83188
1996-02-16,-0.84578
1996-02-23,-0.84782
1996-03-01,-0.83650
1996-03-08,-0.81461
1996-03-15,-0.78531
1996-03-22,-0.75503
1996-03-29,-0.72711
1996-04-05,-0.70723
1996-04-12,-0.69450
1996-04-19,-0.69717
1996-04-26,-0.70790
1996-05-03,-0.72479
1996-05-10,-0.74360
1996-05-17,-0.76026
1996-05-24,-0.77065
1996-05-31,-0.77304
1996-06-07,-0.76636
1996-06-14,-0.75399
1996-06-21,-0.73838
1996-06-28,-0.72307
1996-07-05,-0.71251
1996-07-12,-0.70645
1996-07-19,-0.71331
1996-07-26,-0.72567
1996-08-02,-0.74258
1996-08-09,-0.76127
1996-08-16,-0.77635
1996-08-23,-0.78483
1996-08-30,-0.78628
1996-09-06,-0.78052
1996-09-13,-0.77173
1996-09-20,-0.76217
1996-09-27,-0.75488
1996-10-04,-0.75401
1996-10-11,-0.75947
1996-10-18,-0.77210
1996-10-25,-0.78743
1996-11-01,-0.80316
1996-11-08,-0.81515
1996-11-15,-0.81991
1996-11-22,-0.81563
1996-11-29,-0.80211
1996-12-06,-0.78031
1996-12-13,-0.75451
1996-12-20,-0.72877
1996-12-27,-0.70699
1997-01-03,-0.69132
1997-01-10,-0.68400
1997-01-17,-0.68753
1997-01-24,-0.69779
1997-01-31,-0.71304
1997-02-07,-0.72983
1997-02-14,-0.74555
1997-02-21,-0.75587
1997-02-28,-0.75968
1997-03-07,-0.75576
1997-03-14,-0.74612
1997-03-21,-0.73183
1997-03-28,-0.71552
1997-04-04,-0.69842
1997-04-11,-0.68399
1997-04-18,-0.67346
1997-04-25,-0.66646
1997-05-02,-0.66355
1997-05-09,-0.66279
1997-05-16,-0.66376
1997-05-23,-0.66564
1997-05-30,-0.66730
1997-06-06,-0.66899
1997-06-13,-0.67168
1997-06-20,-0.67468
1997-06-27,-0.67790
1997-07-04,-0.68187
1997-07-11,-0.68550
1997-07-18,-0.68810
1997-07-25,-0.68995
1997-08-01,-0.69008
1997-08-08,-0.68908
1997-08-15,-0.68655
1997-08-22,-0.68374
1997-08-29,-0.68034
1997-09-05,-0.67643
1997-09-12,-0.67185
1997-09-19,-0.66556
1997-09-26,-0.65627
1997-10-03,-0.64334
1997-10-10,-0.62634
1997-10-17,-0.60339
1997-10-24,-0.57868
1997-10-31,-0.55338
1997-11-07,-0.53359
1997-11-14,-0.51821
1997-11-21,-0.51077
1997-11-28,-0.50995
1997-12-05,-0.51415
1997-12-12,-0.52130
1997-12-19,-0.53191
1997-12-26,-0.54481
1998-01-02,-0.55914
1998-01-09,-0.57367
1998-01-16,-0.58972
1998-01-23,-0.60626
1998-01-30,-0.62208
1998-02-06,-0.63787
1998-02-13,-0.65073
1998-02-20,-0.66105
1998-02-27,-0.66738
1998-03-06,-0.66860
1998-03-13,-0.66691
1998-03-20,-0.66387
1998-03-27,-0.65882
1998-04-03,-0.65334
1998-04-10,-0.64824
1998-04-17,-0.64252
1998-04-24,-0.63711
1998-05-01,-0.63139
1998-05-08,-0.62618
1998-05-15,-0.62099
1998-05-22,-0.61553
1998-05-29,-0.60867
1998-06-05,-0.60294
1998-06-12,-0.59842
1998-06-19,-0.59632
1998-06-26,-0.59605
1998-07-03,-0.59729
1998-07-10,-0.59725
1998-07-17,-0.59329
1998-07-24,-0.58293
1998-07-31,-0.56312
1998-08-07,-0.53202
1998-08-14,-0.48860
1998-08-21,-0.43394
1998-08-28,-0.36930
1998-09-04,-0.29945
1998-09-11,-0.22919
1998-09-18,-0.16104
1998-09-25,-0.09984
1998-10-02,-0.04960
1998-10-09,-0.01441
1998-10-16,0.00251
1998-10-23,-0.00535
1998-10-30,-0.02664
1998-11-06,-0.05739
1998-11-13,-0.08947
1998-11-20,-0.12163
1998-11-27,-0.14825
1998-12-04,-0.16637
1998-12-11,-0.17992
1998-12-18,-0.19041
1998-12-25,-0.20092
1999-01-01,-0.21068
1999-01-08,-0.22489
1999-01-15,-0.24149
1999-01-22,-0.26428
1999-01-29,-0.28982
1999-02-05,-0.31730
1999-02-12,-0.34396
1999-02-19,-0.36904
1999-02-26,-0.38997
1999-03-05,-0.40508
1999-03-12,-0.41593
1999-03-19,-0.42193
1999-03-26,-0.42467
1999-04-02,-0.42588
1999-04-09,-0.42763
1999-04-16,-0.42915
1999-04-23,-0.43487
1999-04-30,-0.43977
1999-05-07,-0.44281
1999-05-14,-0.44237
1999-05-21,-0.43744
1999-05-28,-0.42787
1999-06-04,-0.41485
1999-06-11,-0.39913
1999-06-18,-0.38105
1999-06-25,-0.36078
1999-07-02,-0.33803
1999-07-09,-0.31343
1999-07-16,-0.28704
1999-07-23,-0.26196
1999-07-30,-0.23904
1999-08-06,-0.21922
1999-08-13,-0.20446
1999-08-20,-0.19413
1999-08-27,-0.18566
1999-09-03,-0.17674
1999-09-10,-0.16657
1999-09-17,-0.15644
1999-09-24,-0.14673
1999-10-01,-0.13799
1999-10-08,-0.13348
1999-10-15,-0.13737
1999-10-22,-0.14706
1999-10-29,-0.16316
1999-11-05,-0.18186
1999-11-12,-0.20046
1999-11-19,-0.21584
1999-11-26,-0.22375
1999-12-03,-0.22559
1999-12-10,-0.22321
1999-12-17,-0.22045
1999-12-24,-0.21916
1999-12-31,-0.22071
2000-01-07,-0.23045
2000-01-14,-0.24121
2000-01-21,-0.25417
2000-01-28,-0.26438
2000-02-04,-0.26887
2000-02-11,-0.26827
2000-02-18,-0.25999
2000-02-25,-0.24400
2000-03-03,-0.22309
2000-03-10,-0.19670
2000-03-17,-0.16726
2000-03-24,-0.13850
2000-03-31,-0.11170
2000-04-07,-0.09378
2000-04-14,-0.07823
2000-04-21,-0.07114
2000-04-28,-0.06471
2000-05-05,-0.05803
2000-05-12,-0.05162
2000-05-19,-0.04449
2000-05-26,-0.03603
2000-06-02,-0.02869
2000-06-09,-0.02404
2000-06-16,-0.02212
2000-06-23,-0.02574
2000-06-30,-0.03493
2000-07-07,-0.05409
2000-07-14,-0.07597
2000-07-21,-0.10937
2000-07-28,-0.14214
2000-08-04,-0.17449
2000-08-11,-0.20241
2000-08-18,-0.22216
2000-08-25,-0.23260
2000-09-01,-0.23440
2000-09-08,-0.22754
2000-09-15,-0.21467
2000-09-22,-0.19854
2000-09-29,-0.18223
2000-10-06,-0.17141
2000-10-13,-0.15908
2000-10-20,-0.16485
2000-10-27,-0.17032
2000-11-03,-0.17625
2000-11-10,-0.17636
2000-11-17,-0.16762
2000-11-24,-0.14904
2000-12-01,-0.12347
2000-12-08,-0.09566
2000-12-15,-0.07187
2000-12-22,-0.05651
2000-12-29,-0.05752
2001-01-05,-0.07603
2001-01-12,-0.10195
2001-01-19,-0.15252
2001-01-26,-0.19990
2001-02-02,-0.24552
2001-02-09,-0.28039
2001-02-16,-0.30082
2001-02-23,-0.30325
2001-03-02,-0.29234
2001-03-09,-0.27157
2001-03-16,-0.24457
2001-03-23,-0.22004
2001-03-30,-0.20444
2001-04-06,-0.20281
2001-04-13,-0.21213
2001-04-20,-0.25092
2001-04-27,-0.29240
2001-05-04,-0.34063
2001-05-11,-0.38408
2001-05-18,-0.41697
2001-05-25,-0.43735
2001-06-01,-0.44419
2001-06-08,-0.43911
2001-06-15,-0.42510
2001-06-22,-0.40861
2001-06-29,-0.39503
2001-07-06,-0.39276
2001-07-13,-0.39331
2001-07-20,-0.42127
2001-07-27,-0.44731
2001-08-03,-0.47411
2001-08-10,-0.48857
2001-08-17,-0.48733
2001-08-24,-0.46594
2001-08-31,-0.42834
2001-09-07,-0.37812
2001-09-14,-0.32220
2001-09-21,-0.27387
2001-09-28,-0.24389
2001-10-05,-0.23266
2001-10-12,-0.23302
2001-10-19,-0.26677
2001-10-26,-0.30150
2001-11-02,-0.33797
2001-11-09,-0.36553
2001-11-16,-0.38157
2001-11-23,-0.37954
2001-11-30,-0.36516
2001-12-07,-0.34348
2001-12-14,-0.32059
2001-12-21,-0.30245
2001-12-28,-0.29538
2002-01-04,-0.30187
2002-01-11,-0.31433
2002-01-18,-0.35269
2002-01-25,-0.38592
2002-02-01,-0.41969
2002-02-08,-0.44596
2002-02-15,-0.46460
2002-02-22,-0.47266
2002-03-01,-0.47393
2002-03-08,-0.46882
2002-03-15,-0.45982
2002-03-22,-0.45348
2002-03-29,-0.45045
2002-04-05,-0.45731
2002-04-12,-0.46822
2002-04-19,-0.50130
2002-04-26,-0.53232
2002-05-03,-0.56688
2002-05-10,-0.59409
2002-05-17,-0.61263
2002-05-24,-0.61665
2002-05-31,-0.60739
2002-06-07,-0.58436
2002-06-14,-0.55094
2002-06-21,-0.51071
2002-06-28,-0.46767
2002-07-05,-0.42959
2002-07-12,-0.39325
2002-07-19,-0.37525
2002-07-26,-0.36230
2002-08-02,-0.36090
2002-08-09,-0.36187
2002-08-16,-0.36487
2002-08-23,-0.36427
2002-08-30,-0.35785
2002-09-06,-0.34361
2002-09-13,-0.32426
2002-09-20,-0.30215
2002-09-27,-0.28228
2002-10-04,-0.27099
2002-10-11,-0.26672
2002-10-18,-0.28299
2002-10-25,-0.30431
2002-11-01,-0.33296
2002-11-08,-0.36133
2002-11-15,-0.38571
2002-11-22,-0.40274
2002-11-29,-0.41039
2002-12-06,-0.41006
2002-12-13,-0.40537
2002-12-20,-0.40035
2002-12-27,-0.39668
2003-01-03,-0.40046
2003-01-10,-0.40703
2003-01-17,-0.42556
2003-01-24,-0.44193
2003-01-31,-0.45862
2003-02-07,-0.47101
2003-02-14,-0.47880
2003-02-21,-0.48451
2003-02-28,-0.48710
2003-03-07,-0.48896
2003-03-14,-0.49138
2003-03-21,-0.49952
2003-03-28,-0.51272
2003-04-04,-0.53381
2003-04-11,-0.55694
2003-04-18,-0.59148
2003-04-25,-0.62281
2003-05-02,-0.65030
2003-05-09,-0.66982
2003-05-16,-0.68066
2003-05-23,-0.68461
2003-05-30,-0.68273
2003-06-06,-0.67779
2003-06-13,-0.67139
2003-06-20,-0.66788
2003-06-27,-0.66482
2003-07-04,-0.66440
2003-07-11,-0.66230
2003-07-18,-0.66566
2003-07-25,-0.66490
2003-08-01,-0.66037
2003-08-08,-0.65427
2003-08-15,-0.64773
2003-08-22,-0.64120
2003-08-29,-0.63590
2003-09-05,-0.63299
2003-09-12,-0.63325
2003-09-19,-0.63638
2003-09-26,-0.64099
2003-10-03,-0.64817
2003-10-10,-0.65631
2003-10-17,-0.66967
2003-10-24,-0.67802
2003-10-31,-0.68664
2003-11-07,-0.69210
2003-11-14,-0.69590
2003-11-21,-0.69594
2003-11-28,-0.69594
2003-12-05,-0.69477
2003-12-12,-0.69567
2003-12-19,-0.69938
2003-12-26,-0.70485
2004-01-02,-0.71486
2004-01-09,-0.72717
2004-01-16,-0.74217
2004-01-23,-0.75345
2004-01-30,-0.76518
2004-02-06,-0.77362
2004-02-13,-0.78175
2004-02-20,-0.78604
2004-02-27,-0.78949
2004-03-05,-0.79102
2004-03-12,-0.79186
2004-03-19,-0.79230
2004-03-26,-0.79020
2004-04-02,-0.78741
2004-04-09,-0.78053
2004-04-16,-0.77283
2004-04-23,-0.75662
2004-04-30,-0.74109
2004-05-07,-0.72375
2004-05-14,-0.71004
2004-05-21,-0.69754
2004-05-28,-0.69029
2004-06-04,-0.68650
2004-06-11,-0.68599
2004-06-18,-0.68751
2004-06-25,-0.68893
2004-07-02,-0.69145
2004-07-09,-0.69201
2004-07-16,-0.69346
2004-07-23,-0.68973
2004-07-30,-0.68779
2004-08-06,-0.68441
2004-08-13,-0.68439
2004-08-20,-0.68303
2004-08-27,-0.68519
2004-09-03,-0.68808
2004-09-10,-0.69270
2004-09-17,-0.69849
2004-09-24,-0.70466
2004-10-01,-0.71018
2004-10-08,-0.71332
2004-10-15,-0.71763
2004-10-22,-0.71611
2004-10-29,-0.71565
2004-11-05,-0.71408
2004-11-12,-0.71433
2004-11-19,-0.71392
2004-11-26,-0.71496
2004-12-03,-0.71546
2004-12-10,-0.71685
2004-12-17,-0.71855
2004-12-24,-0.71901
2004-12-31,-0.72072
2005-01-07,-0.72186
2005-01-14,-0.72574
2005-01-21,-0.72374
2005-01-28,-0.72427
2005-02-04,-0.72384
2005-02-11,-0.72306
2005-02-18,-0.72030
2005-02-25,-0.71764
2005-03-04,-0.71385
2005-03-11,-0.71000
2005-03-18,-0.70584
2005-03-25,-0.70144
2005-04-01,-0.69676
2005-04-08,-0.68923
2005-04-15,-0.68316
2005-04-22,-0.66670
2005-04-29,-0.65290
2005-05-06,-0.63800
2005-05-13,-0.62499
2005-05-20,-0.61561
2005-05-27,-0.61193
2005-06-03,-0.61174
2005-06-10,-0.61560
2005-06-17,-0.62251
2005-06-24,-0.63113
2005-07-01,-0.64092
2005-07-08,-0.64797
2005-07-15,-0.65642
2005-07-22,-0.65592
2005-07-29,-0.65507
2005-08-05,-0.64945
2005-08-12,-0.64229
2005-08-19,-0.63250
2005-08-26,-0.62376
2005-09-02,-0.61482
2005-09-09,-0.60742
2005-09-16,-0.60272
2005-09-23,-0.59968
2005-09-30,-0.59992
2005-10-07,-0.60190
2005-10-14,-0.60832
2005-10-21,-0.61078
2005-10-28,-0.61518
2005-11-04,-0.61605
2005-11-11,-0.61569
2005-11-18,-0.61259
2005-11-25,-0.60769
2005-12-02,-0.60237
2005-12-09,-0.59795
2005-12-16,-0.59660
2005-12-23,-0.59642
2005-12-30,-0.60007
2006-01-06,-0.60591
2006-01-13,-0.61662
2006-01-20,-0.62342
2006-01-27,-0.63308
2006-02-03,-0.64022
2006-02-10,-0.64663
2006-02-17,-0.65047
2006-02-24,-0.65356
2006-03-03,-0.65506
2006-03-10,-0.65634
2006-03-17,-0.65938
2006-03-24,-0.66231
2006-03-31,-0.66617
2006-04-07,-0.66984
2006-04-14,-0.67459
2006-04-21,-0.67424
2006-04-28,-0.67401
2006-05-05,-0.66943
2006-05-12,-0.66251
2006-05-19,-0.65053
2006-05-26,-0.63768
2006-06-02,-0.62317
2006-06-09,-0.60869
2006-06-16,-0.59630
2006-06-23,-0.58624
2006-06-30,-0.58161
2006-07-07,-0.58203
2006-07-14,-0.58791
2006-07-21,-0.59619
2006-07-28,-0.60934
2006-08-04,-0.62241
2006-08-11,-0.63457
2006-08-18,-0.64331
2006-08-25,-0.64743
2006-09-01,-0.64659
2006-09-08,-0.64286
2006-09-15,-0.63737
2006-09-22,-0.63192
2006-09-29,-0.62964
2006-10-06,-0.63264
2006-10-13,-0.63784
2006-10-20,-0.65031
2006-10-27,-0.66268
2006-11-03,-0.67267
2006-11-10,-0.67972
2006-11-17,-0.68097
2006-11-24,-0.67829
2006-12-01,-0.67128
2006-12-08,-0.66392
2006-12-15,-0.65708
2006-12-22,-0.65560
2006-12-29,-0.65848
2007-01-05,-0.66810
2007-01-12,-0.67922
2007-01-19,-0.69883
2007-01-26,-0.71479
2007-02-02,-0.72608
2007-02-09,-0.73098
2007-02-16,-0.72633
2007-02-23,-0.71459
2007-03-02,-0.69607
2007-03-09,-0.67683
2007-03-16,-0.65780
2007-03-23,-0.64513
2007-03-30,-0.63532
2007-04-06,-0.63177
2007-04-13,-0.62848
2007-04-20,-0.63427
2007-04-27,-0.63571
2007-05-04,-0.63556
2007-05-11,-0.63303
2007-05-18,-0.62678
2007-05-25,-0.61833
2007-06-01,-0.60955
2007-06-08,-0.60261
2007-06-15,-0.59576
2007-06-22,-0.58888
2007-06-29,-0.57541
2007-07-06,-0.55254
2007-07-13,-0.50662
2007-07-20,-0.44377
2007-07-27,-0.34956
2007-08-03,-0.23542
2007-08-10,-0.10720
2007-08-17,0.02060
2007-08-24,0.12888
2007-08-31,0.19641
2007-09-07,0.22512
2007-09-14,0.21095
2007-09-21,0.16053
2007-09-28,0.09545
2007-10-05,0.02889
2007-10-12,-0.01620
2007-10-19,-0.03763
2007-10-26,-0.01461
2007-11-02,0.04530
2007-11-09,0.14185
2007-11-16,0.25414
2007-11-23,0.37262
2007-11-30,0.47163
2007-12-07,0.54273
2007-12-14,0.57594
2007-12-21,0.57093
2007-12-28,0.53401
2008-01-04,0.48276
2008-01-11,0.43682
2008-01-18,0.39682
2008-01-25,0.39209
2008-02-01,0.40947
2008-02-08,0.46354
2008-02-15,0.54172
2008-02-22,0.63921
2008-02-29,0.73793
2008-03-07,0.83194
2008-03-14,0.89721
2008-03-21,0.92912
2008-03-28,0.91825
2008-04-04,0.87320
2008-04-11,0.80825
2008-04-18,0.71405
2008-04-25,0.61764
2008-05-02,0.52425
2008-05-09,0.45364
2008-05-16,0.40705
2008-05-23,0.39629
2008-05-30,0.41681
2008-06-06,0.46790
2008-06-13,0.53331
2008-06-20,0.60665
2008-06-27,0.67311
2008-07-04,0.71931
2008-07-11,0.74144
2008-07-18,0.72002
2008-07-25,0.68135
2008-08-01,0.63563
2008-08-08,0.60265
2008-08-15,0.59728
2008-08-22,0.65016
2008-08-29,0.75785
2008-09-05,0.93051
2008-09-12,1.15726
2008-09-19,1.43855
2008-09-26,1.71488
2008-10-03,1.97930
2008-10-10,2.20266
2008-10-17,2.36411
2008-10-24,2.47265
2008-10-31,2.55638
2008-11-07,2.61737
2008-11-14,2.67566
2008-11-21,2.74207
2008-11-28,2.76548
2008-12-05,2.76408
2008-12-12,2.71157
2008-12-19,2.60589
2008-12-26,2.45892
2009-01-02,2.31035
2009-01-09,2.15295
2009-01-16,2.02259
2009-01-23,1.93097
2009-01-30,1.87738
2009-02-06,1.86262
2009-02-13,1.88790
2009-02-20,1.93364
2009-02-27,1.97876
2009-03-06,2.01255
2009-03-13,2.00349
2009-03-20,1.95467
2009-03-27,1.86654
2009-04-03,1.75267
2009-04-10,1.61468
2009-04-17,1.48020
2009-04-24,1.34537
2009-05-01,1.21818
2009-05-08,1.10513
2009-05-15,1.01905
2009-05-22,0.94808
2009-05-29,0.90180
2009-06-05,0.86589
2009-06-12,0.83730
2009-06-19,0.80932
2009-06-26,0.77058
2009-07-03,0.72069
2009-07-10,0.65707
2009-07-17,0.58296
2009-07-24,0.50179
2009-07-31,0.42598
2009-08-07,0.35960
2009-08-14,0.30741
2009-08-21,0.26292
2009-08-28,0.22802
2009-09-04,0.19981
2009-09-11,0.17329
2009-09-18,0.15044
2009-09-25,0.12861
2009-10-02,0.11316
2009-10-09,0.09670
2009-10-16,0.08363
2009-10-23,0.06619
2009-10-30,0.05487
2009-11-06,0.04110
2009-11-13,0.02509
2009-11-20,0.00690
2009-11-27,-0.01252
2009-12-04,-0.03589
2009-12-11,-0.06418
2009-12-18,-0.09319
2009-12-25,-0.12108
2010-01-01,-0.14302
2010-01-08,-0.16185
2010-01-15,-0.17240
2010-01-22,-0.17433
2010-01-29,-0.17311
2010-02-05,-0.17312
2010-02-12,-0.18075
2010-02-19,-0.19961
2010-02-26,-0.23033
2010-03-05,-0.27207
2010-03-12,-0.32034
2010-03-19,-0.36890
2010-03-26,-0.41145
2010-04-02,-0.44081
2010-04-09,-0.45163
2010-04-16,-0.43952
2010-04-23,-0.40125
2010-04-30,-0.33933
2010-05-07,-0.25937
2010-05-14,-0.17998
2010-05-21,-0.10249
2010-05-28,-0.04467
2010-06-04,-0.01239
2010-06-11,-0.00525
2010-06-18,-0.02628
2010-06-25,-0.06208
2010-07-02,-0.10679
2010-07-09,-0.15665
2010-07-16,-0.20460
2010-07-23,-0.23299
2010-07-30,-0.25181
2010-08-06,-0.25724
2010-08-13,-0.25157
2010-08-20,-0.24319
2010-08-27,-0.23795
2010-09-03,-0.24042
2010-09-10,-0.25368
2010-09-17,-0.27524
2010-09-24,-0.30227
2010-10-01,-0.33291
2010-10-08,-0.36141
2010-10-15,-0.38707
2010-10-22,-0.40028
2010-10-29,-0.40920
2010-11-05,-0.41068
2010-11-12,-0.40637
2010-11-19,-0.40220
2010-11-26,-0.40031
2010-12-03,-0.40398
2010-12-10,-0.41649
2010-12-17,-0.43455
2010-12-24,-0.45734
2010-12-31,-0.48249
2011-01-07,-0.50667
2011-01-14,-0.53046
2011-01-21,-0.54557
2011-01-28,-0.55605
2011-02-04,-0.55762
2011-02-11,-0.55240
2011-02-18,-0.54034
2011-02-25,-0.52428
2011-03-04,-0.51164
2011-03-11,-0.50361
2011-03-18,-0.50274
2011-03-25,-0.51275
2011-04-01,-0.52941
2011-04-08,-0.54751
2011-04-15,-0.56629
2011-04-22,-0.57180
2011-04-29,-0.57156
2011-05-06,-0.55988
2011-05-13,-0.53995
2011-05-20,-0.51852
2011-05-27,-0.49601
2011-06-03,-0.47862
2011-06-10,-0.46659
2011-06-17,-0.46297
2011-06-24,-0.46500
2011-07-01,-0.46840
2011-07-08,-0.46150
2011-07-15,-0.44398
2011-07-22,-0.39999
2011-07-29,-0.34003
2011-08-05,-0.25948
2011-08-12,-0.16951
2011-08-19,-0.08843
2011-08-26,-0.01535
2011-09-02,0.03574
2011-09-09,0.07008
2011-09-16,0.08072
2011-09-23,0.07757
2011-09-30,0.05975
2011-10-07,0.03709
2011-10-14,0.00282
2011-10-21,-0.00658
2011-10-28,-0.01284
2011-11-04,-0.00091
2011-11-11,0.02058
2011-11-18,0.04517
2011-11-25,0.06713
2011-12-02,0.07185
2011-12-09,0.06391
2011-12-16,0.04008
2011-12-23,0.00281
2011-12-30,-0.04791
2012-01-06,-0.10241
2012-01-13,-0.16322
2012-01-20,-0.20616
2012-01-27,-0.24598
2012-02-03,-0.27175
2012-02-10,-0.28873
2012-02-17,-0.29886
2012-02-24,-0.30788
2012-03-02,-0.32025
2012-03-09,-0.33364
2012-03-16,-0.35185
2012-03-23,-0.36715
2012-03-30,-0.37816
2012-04-06,-0.37904
2012-04-13,-0.37395
2012-04-20,-0.35060
2012-04-27,-0.32193
2012-05-04,-0.28408
2012-05-11,-0.24117
2012-05-18,-0.19897
2012-05-25,-0.16714
2012-06-01,-0.14737
2012-06-08,-0.14271
2012-06-15,-0.15583
2012-06-22,-0.18068
2012-06-29,-0.21125
2012-07-06,-0.24228
2012-07-13,-0.27453
2012-07-20,-0.29182
2012-07-27,-0.30647
2012-08-03,-0.31688
2012-08-10,-0.32482
2012-08-17,-0.33407
2012-08-24,-0.34663
2012-08-31,-0.36328
2012-09-07,-0.38583
2012-09-14,-0.41407
2012-09-21,-0.44141
2012-09-28,-0.46626
2012-10-05,-0.48655
2012-10-12,-0.50261
2012-10-19,-0.50354
2012-10-26,-0.50107
2012-11-02,-0.49299
2012-11-09,-0.48357
2012-11-16,-0.47628
2012-11-23,-0.47613
2012-11-30,-0.48048
2012-12-07,-0.49129
2012-12-14,-0.50825
2012-12-21,-0.52823
2012-12-28,-0.54850
2013-01-04,-0.56874
2013-01-11,-0.58735
2013-01-18,-0.59206
2013-01-25,-0.59521
2013-02-01,-0.59155
2013-02-08,-0.58560
2013-02-15,-0.58008
2013-02-22,-0.57756
2013-03-01,-0.57679
2013-03-08,-0.58159
2013-03-15,-0.59054
2013-03-22,-0.60337
2013-03-29,-0.61919
2013-04-05,-0.63589
2013-04-12,-0.65618
2013-04-19,-0.66613
2013-04-26,-0.67723
2013-05-03,-0.68178
2013-05-10,-0.68079
2013-05-17,-0.67255
2013-05-24,-0.65960
2013-05-31,-0.64174
2013-06-07,-0.62348
2013-06-14,-0.60913
2013-06-21,-0.60009
2013-06-28,-0.60030
2013-07-05,-0.60624
2013-07-12,-0.62020
2013-07-19,-0.62838
2013-07-26,-0.63796
2013-08-02,-0.64101
2013-08-09,-0.64004
2013-08-16,-0.63534
2013-08-23,-0.62887
2013-08-30,-0.62365
2013-09-06,-0.62307
2013-09-13,-0.62807
2013-09-20,-0.63728
2013-09-27,-0.65077
2013-10-04,-0.66581
2013-10-11,-0.68455
2013-10-18,-0.69905
2013-10-25,-0.71435
2013-11-01,-0.72510
2013-11-08,-0.73489
2013-11-15,-0.74335
2013-11-22,-0.75052
2013-11-29,-0.75734
2013-12-06,-0.76358
2013-12-13,-0.76867
2013-12-20,-0.77346
2013-12-27,-0.77685
2014-01-03,-0.77495
2014-01-10,-0.77235
2014-01-17,-0.76523
2014-01-24,-0.75794
2014-01-31,-0.75125
2014-02-07,-0.74872
2014-02-14,-0.74961
2014-02-21,-0.75375
2014-02-28,-0.75893
2014-03-07,-0.76432
2014-03-14,-0.76771
2014-03-21,-0.77102
2014-03-28,-0.77156
2014-04-04,-0.77121
2014-04-11,-0.76948
2014-04-18,-0.76546
2014-04-25,-0.76358
2014-05-02,-0.76250
2014-05-09,-0.76344
2014-05-16,-0.76648
2014-05-23,-0.77315
2014-05-30,-0.78031
2014-06-06,-0.78696
2014-06-13,-0.79121
2014-06-20,-0.79370
2014-06-27,-0.79230
2014-07-04,-0.78683
2014-07-11,-0.78004
2014-07-18,-0.76769
2014-07-25,-0.75660
2014-08-01,-0.74507
2014-08-08,-0.73674
2014-08-15,-0.73204
2014-08-22,-0.72785
2014-08-29,-0.72245
2014-09-05,-0.71578
2014-09-12,-0.70539
2014-09-19,-0.69319
2014-09-26,-0.67931
2014-10-03,-0.66547
2014-10-10,-0.65687
2014-10-17,-0.64655
2014-10-24,-0.64559
2014-10-31,-0.64741
2014-11-07,-0.65158
2014-11-14,-0.65377
2014-11-21,-0.65204
2014-11-28,-0.64556
2014-12-05,-0.63401
2014-12-12,-0.61544
2014-12-19,-0.59398
2014-12-26,-0.57496
2015-01-02,-0.55352
2015-01-09,-0.53626
2015-01-16,-0.52075
2015-01-23,-0.51008
2015-01-30,-0.50446
2015-02-06,-0.50430
2015-02-13,-0.50766
2015-02-20,-0.51587
2015-02-27,-0.52538
2015-03-06,-0.53444
2015-03-13,-0.54263
2015-03-20,-0.55254
2015-03-27,-0.56072
2015-04-03,-0.56577
2015-04-10,-0.57108
2015-04-17,-0.56894
2015-04-24,-0.56815
2015-05-01,-0.56359
2015-05-08,-0.55760
2015-05-15,-0.55214
2015-05-22,-0.54976
2015-05-29,-0.54758
2015-06-05,-0.54757
2015-06-12,-0.54853
2015-06-19,-0.55122
2015-06-26,-0.55427
2015-07-03,-0.55234
2015-07-10,-0.55102
2015-07-17,-0.54162
2015-07-24,-0.52760
2015-07-31,-0.50612
2015-08-07,-0.48062
2015-08-14,-0.45202
2015-08-21,-0.42450
2015-08-28,-0.39933
2015-09-04,-0.38351
2015-09-11,-0.37666
2015-09-18,-0.37684
2015-09-25,-0.38631
2015-10-02,-0.39959
2015-10-09,-0.42093
2015-10-16,-0.43913
2015-10-23,-0.45578
2015-10-30,-0.46680
2015-11-06,-0.47146
2015-11-13,-0.46648
2015-11-20,-0.45817
2015-11-27,-0.44347
2015-12-04,-0.42366
2015-12-11,-0.39909
2015-12-18,-0.37321
2015-12-25,-0.35010
2016-01-01,-0.32675
2016-01-08,-0.30508
2016-01-15,-0.28466
2016-01-22,-0.26826
2016-01-29,-0.25729
2016-02-05,-0.25190
2016-02-12,-0.25207
2016-02-19,-0.26492
2016-02-26,-0.28356
2016-03-04,-0.30618
2016-03-11,-0.32871
2016-03-18,-0.34808
2016-03-25,-0.36218
2016-04-01,-0.37037
2016-04-08,-0.37474
2016-04-15,-0.37600
2016-04-22,-0.37856
2016-04-29,-0.37873
2016-05-06,-0.37738
2016-05-13,-0.37558
2016-05-20,-0.37320
2016-05-27,-0.36852
2016-06-03,-0.36107
2016-06-10,-0.35243
2016-06-17,-0.34096
2016-06-24,-0.33455
2016-07-01,-0.32986
2016-07-08,-0.33154
2016-07-15,-0.33694
2016-07-22,-0.34623
2016-07-29,-0.35476
2016-08-05,-0.36101
2016-08-12,-0.36501
2016-08-19,-0.36369
2016-08-26,-0.36036
2016-09-02,-0.35215
2016-09-09,-0.34436
2016-09-16,-0.33668
2016-09-23,-0.33315
2016-09-30,-0.33329
2016-10-07,-0.33914
2016-10-14,-0.34785
2016-10-21,-0.36105
2016-10-28,-0.37708
2016-11-04,-0.39296
2016-11-11,-0.41152
2016-11-18,-0.42802
2016-11-25,-0.44426
2016-12-02,-0.45681
2016-12-09,-0.46782
2016-12-16,-0.47480
2016-12-23,-0.48079
2016-12-30,-0.48639
2017-01-06,-0.49084
2017-01-13,-0.49451
2017-01-20,-0.50160
2017-01-27,-0.50719
2017-02-03,-0.51125
2017-02-10,-0.51490
2017-02-17,-0.51538
2017-02-24,-0.51372
2017-03-03,-0.51123
2017-03-10,-0.50800
2017-03-17,-0.50358
2017-03-24,-0.50101
2017-03-31,-0.50047
2017-04-07,-0.50197
2017-04-14,-0.50527
2017-04-21,-0.51310
2017-04-28,-0.52310
2017-05-05,-0.53398
2017-05-12,-0.54499
2017-05-19,-0.55380
2017-05-26,-0.56555
2017-06-02,-0.57447
2017-06-09,-0.58253
2017-06-16,-0.58947
2017-06-23,-0.59502
2017-06-30,-0.60017
2017-07-07,-0.60505
2017-07-14,-0.60831
2017-07-21,-0.61290
2017-07-28,-0.61316
2017-08-04,-0.61020
2017-08-11,-0.60464
2017-08-18,-0.59784
2017-08-25,-0.59356
2017-09-01,-0.59053
2017-09-08,-0.59050
2017-09-15,-0.59493
2017-09-22,-0.60184
2017-09-29,-0.61061
2017-10-06,-0.62171
2017-10-13,-0.63175
2017-10-20,-0.64186
2017-10-27,-0.64907
2017-11-03,-0.65380
2017-11-10,-0.65540
2017-11-17,-0.65520
2017-11-24,-0.65448
2017-12-01,-0.65341
2017-12-08,-0.65270
2017-12-15,-0.65261
2017-12-22,-0.65460
2017-12-29,-0.65580
2018-01-05,-0.65689
2018-01-12,-0.65381
2018-01-19,-0.64931
2018-01-26,-0.64069
2018-02-02,-0.62658
2018-02-09,-0.60749
2018-02-16,-0.59004
2018-02-23,-0.57166
2018-03-02,-0.55336
2018-03-09,-0.53683
2018-03-16,-0.52333
2018-03-23,-0.51397
2018-03-30,-0.51090
2018-04-06,-0.51295
2018-04-13,-0.52172
2018-04-20,-0.53469
2018-04-27,-0.54646
2018-05-04,-0.55615
2018-05-11,-0.56402
2018-05-18,-0.56795
2018-05-25,-0.56623
2018-06-01,-0.56093
2018-06-08,-0.55608
2018-06-15,-0.55141
2018-06-22,-0.54781
2018-06-29,-0.54781
2018-07-06,-0.55119
2018-07-13,-0.55980
2018-07-20,-0.56808
2018-07-27,-0.57770
2018-08-03,-0.58713
2018-08-10,-0.59669
2018-08-17,-0.60370
2018-08-24,-0.60994
2018-08-31,-0.61474
2018-09-07,-0.61765
2018-09-14,-0.61969
2018-09-21,-0.61900
2018-09-28,-0.61719
2018-10-05,-0.61251
2018-10-12,-0.60405
2018-10-19,-0.59118
2018-10-26,-0.57685
2018-11-02,-0.55881
2018-11-09,-0.53824
2018-11-16,-0.51283
2018-11-23,-0.48522
2018-11-30,-0.45821
2018-12-07,-0.43292
2018-12-14,-0.41361
2018-12-21,-0.40338
2018-12-28,-0.40404
2019-01-04,-0.41619
2019-01-11,-0.43760
2019-01-18,-0.46558
2019-01-25,-0.49707
2019-02-01,-0.52736
2019-02-08,-0.55387
2019-02-15,-0.57518
2019-02-22,-0.59154
2019-03-01,-0.60149
2019-03-08,-0.60681
2019-03-15,-0.60896
2019-03-22,-0.61278
2019-03-29,-0.61498
2019-04-05,-0.61904
2019-04-12,-0.62190
2019-04-19,-0.62715
2019-04-26,-0.62891
2019-05-03,-0.62736
2019-05-10,-0.62213
2019-05-17,-0.61410
2019-05-24,-0.60590
2019-05-31,-0.59680
2019-06-07,-0.59082
2019-06-14,-0.58749
2019-06-21,-0.58800
2019-06-28,-0.59070
2019-07-05,-0.59566
2019-07-12,-0.59895
2019-07-19,-0.60028
2019-07-26,-0.59996
2019-08-02,-0.59340
2019-08-09,-0.58244
2019-08-16,-0.56902
2019-08-23,-0.55635
2019-08-30,-0.54263
2019-09-06,-0.53139
2019-09-13,-0.51999
2019-09-20,-0.51159
2019-09-27,-0.50609
2019-10-04,-0.50602
2019-10-11,-0.51180
2019-10-18,-0.52615
2019-10-25,-0.54411
2019-11-01,-0.56071
2019-11-08,-0.57528
2019-11-15,-0.58367
2019-11-22,-0.58547
2019-11-29,-0.57892
2019-12-06,-0.56752
2019-12-13,-0.55531
2019-12-20,-0.54849
2019-12-27,-0.55150
2020-01-03,-0.56934
2020-01-10,-0.59746
2020-01-17,-0.63305
2020-01-24,-0.66141
2020-01-31,-0.67289
2020-02-07,-0.65573
2020-02-14,-0.59482
2020-02-21,-0.48566
2020-02-28,-0.32882
2020-03-06,-0.14465
2020-03-13,0.05205
2020-03-20,0.22809
2020-03-27,0.34846
2020-04-03,0.39958
2020-04-10,0.39681
2020-04-17,0.33683
2020-04-24,0.23744
2020-05-01,0.11511
2020-05-08,-0.00768
2020-05-15,-0.11286
2020-05-22,-0.20519
2020-05-29,-0.26675
2020-06-05,-0.30136
2020-06-12,-0.30841
2020-06-19,-0.30730
2020-06-26,-0.30188
2020-07-03,-0.30247
2020-07-10,-0.30482
2020-07-17,-0.34772
2020-07-24,-0.39091
2020-07-31,-0.43827
2020-08-07,-0.48249
2020-08-14,-0.51756
2020-08-21,-0.53838
2020-08-28,-0.54427
2020-09-04,-0.53697
2020-09-11,-0.51948
2020-09-18,-0.49809
2020-09-25,-0.47043
2020-10-02,-0.44826
2020-10-09,-0.43429
2020-10-16,-0.42976
2020-10-23,-0.44306
2020-10-30,-0.46406
2020-11-06,-0.49415
2020-11-13,-0.52889
2020-11-20,-0.55892
2020-11-27,-0.58373
2020-12-04,-0.60251
2020-12-11,-0.61267
2020-12-18,-0.61652
2020-12-25,-0.61423
2021-01-01,-0.61118
2021-01-08,-0.60790
2021-01-15,-0.60557
2021-01-22,-0.61129
2021-01-29,-0.61630
2021-02-05,-0.62587
2021-02-12,-0.63695
2021-02-19,-0.64551
2021-02-26,-0.65426
2021-03-05,-0.66400
2021-03-12,-0.67311
2021-03-19,-0.68397
2021-03-26,-0.69140
2021-04-02,-0.69994
2021-04-09,-0.70816
2021-04-16,-0.71705
2021-04-23,-0.71973
2021-04-30,-0.72235
2021-05-07,-0.72411
2021-05-14,-0.72541
2021-05-21,-0.72435
2021-05-28,-0.72679
2021-06-04,-0.73025
2021-06-11,-0.73275
2021-06-18,-0.73617
2021-06-25,-0.73738
2021-07-02,-0.73745
2021-07-09,-0.73355
2021-07-16,-0.73079
2021-07-23,-0.71625
2021-07-30,-0.70500
2021-08-06,-0.69255
2021-08-13,-0.68253
2021-08-20,-0.67406
2021-08-27,-0.67202
2021-09-03,-0.67284
2021-09-10,-0.67726
2021-09-17,-0.68535
2021-09-24,-0.69315
2021-10-01,-0.70158
2021-10-08,-0.70585
2021-10-15,-0.70705
2021-10-22,-0.69630
2021-10-29,-0.68058
2021-11-05,-0.65807
2021-11-12,-0.63332
2021-11-19,-0.60954
2021-11-26,-0.58953
2021-12-03,-0.57555
2021-12-10,-0.57312
2021-12-17,-0.57912
2021-12-24,-0.58820
2021-12-31,-0.60086
2022-01-07,-0.60931
2022-01-14,-0.61252
2022-01-21,-0.60074
2022-01-28,-0.58097
2022-02-04,-0.55337
2022-02-11,-0.51967
2022-02-18,-0.47955
2022-02-25,-0.44225
2022-03-04,-0.40932
2022-03-11,-0.38455
2022-03-18,-0.37276
2022-03-25,-0.36540
2022-04-01,-0.36314
2022-04-08,-0.36033
2022-04-15,-0.35486
2022-04-22,-0.34008
2022-04-29,-0.32319
2022-05-06,-0.30357
2022-05-13,-0.28318
2022-05-20,-0.25842
2022-05-27,-0.23379
2022-06-03,-0.20738
2022-06-10,-0.17993
2022-06-17,-0.15441
2022-06-24,-0.13533
2022-07-01,-0.12721
2022-07-08,-0.12941
2022-07-15,-0.14070
2022-07-22,-0.16422
2022-07-29,-0.18747
2022-08-05,-0.20664
2022-08-12,-0.21859
2022-08-19,-0.21850
2022-08-26,-0.20349
2022-09-02,-0.17607
2022-09-09,-0.14067
2022-09-16,-0.10140
2022-09-23,-0.06501
2022-09-30,-0.03843
2022-10-07,-0.02873
2022-10-14,-0.03074
2022-10-21,-0.05380
2022-10-28,-0.08303
2022-11-04,-0.11973
2022-11-11,-0.15566
2022-11-18,-0.18300
2022-11-25,-0.20284
2022-12-02,-0.21249
2022-12-09,-0.21479
